chrome.fastest-cached.parallel-allmapped-10,chrome.fastest-cached.parallel-allmapped-20,chrome.fastest-cached.parallel-allmapped-30,chrome.fastest-cached.parallel-allmapped-40,chrome.fastest-cached.parallel-allmapped-50,chrome.fastest-cached.parallel-allmapped-60,chrome.fastest-cached.parallel-allmapped-70,chrome.fastest-cached.parallel-allmapped-80,chrome.fastest-cached.parallel-allmapped-90,chrome.fastest-cached.parallel-allmapped-100,chrome.fastest-cached.parallel-allmapped-1000
37.19999998807907,37.299999952316284,45,49.69999998807907,56,68.30000001192093,67.09999996423721,78.39999997615814,83.90000003576279,91.69999998807907,1097.6000000238419
31.400000035762787,36.39999997615814,44,53.799999952316284,57.39999997615814,60.799999952316284,70,74.39999997615814,86.80000001192093,102.80000001192093,909.6999999880791
32.59999996423721,37.19999998807907,46.19999998807907,50.59999996423721,57.299999952316284,63.299999952316284,74.39999997615814,76.80000001192093,83.70000004768372,91.39999997615814,894.6999999880791
32.39999997615814,37.59999996423721,43,52.30000001192093,57.299999952316284,63.5,68.5,85.40000003576279,85,93.69999998807907,891.8999999761581
30,37.39999997615814,43.69999998807907,50.19999998807907,59.09999996423721,63.69999998807907,73,76.10000002384186,82.20000004768372,92.19999998807907,868.3999999761581
