chrome.fastest-cached.parallel-mapped-10,chrome.fastest-cached.parallel-mapped-20,chrome.fastest-cached.parallel-mapped-30,chrome.fastest-cached.parallel-mapped-40,chrome.fastest-cached.parallel-mapped-50,chrome.fastest-cached.parallel-mapped-60,chrome.fastest-cached.parallel-mapped-70,chrome.fastest-cached.parallel-mapped-80,chrome.fastest-cached.parallel-mapped-90,chrome.fastest-cached.parallel-mapped-100,chrome.fastest-cached.parallel-mapped-1000
40.099999994039536,36.400000005960464,43.70000001788139,54,57.89999997615814,63.69999998807907,67.80000001192093,76.09999999403954,79,93,1068.9000000059605
30.5,36.89999997615814,42.900000005960464,50.099999994039536,56.099999994039536,62.900000005960464,69.2000000178814,77.5,83.40000000596046,87.40000000596046,950.5
28.599999994039536,39.5,45,51.20000001788139,56.30000001192093,61.900000005960464,66.89999997615814,74.5,80.7000000178814,89.69999998807907,864.9000000059605
31.5,36.599999994039536,42.79999998211861,50.80000001192093,55.79999998211861,59.79999998211861,73.7000000178814,76,85.30000001192093,88.30000001192093,862.1999999880791
29.400000005960464,37.5,42.80000001192093,49.70000001788139,56.80000001192093,64.30000001192093,68.69999998807907,74.69999998807907,80,88.90000000596046,851.8000000119209
