chrome.fastest.parallel-mapped-esms-10,chrome.fastest.parallel-mapped-esms-20,chrome.fastest.parallel-mapped-esms-30,chrome.fastest.parallel-mapped-esms-40,chrome.fastest.parallel-mapped-esms-50,chrome.fastest.parallel-mapped-esms-60,chrome.fastest.parallel-mapped-esms-70,chrome.fastest.parallel-mapped-esms-80,chrome.fastest.parallel-mapped-esms-90,chrome.fastest.parallel-mapped-esms-100,chrome.fastest.parallel-mapped-esms-1000
41.099999994039536,56.10000002384186,65.69999998807907,79.80000001192093,91.09999999403954,102.2999999821186,114.59999999403954,133,140.90000000596046,152.59999999403954,1469.699999988079
38.20000001788139,59,67.80000001192093,84.59999999403954,94.2000000178814,104.80000001192093,116.80000001192093,131.5,135.60000002384186,153.7999999821186,1288.0999999940395
43.099999994039536,57.5,68.5,82.40000000596046,92.19999998807907,109.40000000596046,117.19999998807907,131.40000000596046,140.7000000178814,155.19999998807907,1330.9000000059605
43.5,58.900000005960464,71,81.39999997615814,90.7000000178814,104.39999997615814,118.09999999403954,129.80000001192093,141.40000000596046,150.59999999403954,1328.2000000178814
43.29999998211861,58.80000001192093,69.2000000178814,79.59999999403954,91.40000000596046,105.09999999403954,118.90000000596046,132.5,137.69999998807907,154.5,1285.300000011921
