chrome.slow.parallel-10,chrome.slow.parallel-20,chrome.slow.parallel-30,chrome.slow.parallel-40,chrome.slow.parallel-50,chrome.slow.parallel-60,chrome.slow.parallel-70,chrome.slow.parallel-80,chrome.slow.parallel-90,chrome.slow.parallel-100
125.90000000596046,149.40000000596046,258.39999997615814,444,581,723.5,864.5,988.8000000119209,1134,1269.9000000059605
126,147.2999999821186,258.69999998807907,453.59999999403954,582.0999999940395,720.5,857.2999999821186,999,1140.6000000238419,1263.800000011921
122.2999999821186,151.7000000178814,269.40000000596046,442.40000000596046,579,735,867.2000000178814,983,1119.7000000178814,1270.9000000059605
124.59999999403954,139.5,243.09999999403954,455.19999998807907,592.3000000119209,722.2999999821186,845.6999999880791,991.5999999940395,1124.4000000059605,1271.5
121.30000001192093,145.09999999403954,270.2000000178814,441.80000001192093,594.1999999880791,718.5999999940395,838.6000000238419,995.9000000059605,1120,1270.7999999821186
