chrome.fastest-cached.parallel-allmapped-10,chrome.fastest-cached.parallel-allmapped-20,chrome.fastest-cached.parallel-allmapped-30,chrome.fastest-cached.parallel-allmapped-40,chrome.fastest-cached.parallel-allmapped-50,chrome.fastest-cached.parallel-allmapped-60,chrome.fastest-cached.parallel-allmapped-70,chrome.fastest-cached.parallel-allmapped-80,chrome.fastest-cached.parallel-allmapped-90,chrome.fastest-cached.parallel-allmapped-100,chrome.fastest-cached.parallel-allmapped-1000
35.099999994039536,43.19999998807907,54.69999998807907,57.19999998807907,55.29999998211861,61.5,70.2000000178814,74.90000000596046,83.80000001192093,93.09999999403954,1081.5
31.80000001192093,35.79999998211861,43.69999998807907,51.29999998211861,56.10000002384186,63.900000005960464,66,74.2000000178814,82.7000000178814,88.09999999403954,926.6000000238419
32.400000005960464,40.099999994039536,42.70000001788139,51.20000001788139,58.29999998211861,60,68.5,76.59999999403954,83.59999999403954,88.30000001192093,876.3000000119209
31.799999982118607,38.900000005960464,41.5,50.099999994039536,57.60000002384186,63.60000002384186,70.09999999403954,77.89999997615814,87.7999999821186,91.40000000596046,873.7000000178814
31.900000005960464,36.5,45.20000001788139,49.79999998211861,56,60.5,69.09999999403954,75.80000001192093,81.80000001192093,88.5,846.8999999761581
