chrome.slow.parallel-allmapped-esms-10,chrome.slow.parallel-allmapped-esms-20,chrome.slow.parallel-allmapped-esms-30,chrome.slow.parallel-allmapped-esms-40,chrome.slow.parallel-allmapped-esms-50,chrome.slow.parallel-allmapped-esms-60,chrome.slow.parallel-allmapped-esms-70,chrome.slow.parallel-allmapped-esms-80,chrome.slow.parallel-allmapped-esms-90,chrome.slow.parallel-allmapped-esms-100
163.80000001192093,290.7999999523163,425.39999997615814,576.8999999761581,718.3000000119209,853.6999999880791,982.2999999523163,1125.7999999523163,1263.699999988079,1408.7999999523163
167.20000004768372,290.89999997615814,435.9000000357628,578.8000000119209,703.5,856.1999999880791,982.1000000238419,1138.199999988079,1259,1400.4000000357628
166.30000001192093,290.7000000476837,437.69999998807907,576.5,715.5,855.3000000119209,978.8999999761581,1135.199999988079,1257,1410
166.5999999642372,288.80000001192093,433.80000001192093,573.3999999761581,717.5,842.8999999761581,995.3000000119209,1117.699999988079,1273.3999999761581,1390.3999999761581
171.69999998807907,283.5999999642372,439.5999999642372,577.1000000238419,715.1000000238419,844.1000000238419,990.6000000238419,1131.5,1261.7000000476837,1400.1000000238419
