chrome.slow.parallel-10,chrome.slow.parallel-20,chrome.slow.parallel-30,chrome.slow.parallel-40,chrome.slow.parallel-50,chrome.slow.parallel-60,chrome.slow.parallel-70,chrome.slow.parallel-80,chrome.slow.parallel-90,chrome.slow.parallel-100
125.90000003576279,137.5,252.89999997615814,439.60000002384186,595.6999999880791,716.6999999880791,846.3999999761581,1001.7999999523163,1120.1000000238419,1273.0999999642372
125.39999997615814,144.80000001192093,243,442.69999998807907,581.4000000357628,715,858.4000000357628,1000.6000000238419,1136.9000000357628,1268.3999999761581
125.69999998807907,138.29999995231628,256,454.5,582.4000000357628,719.5,860.5,1000.0999999642372,1123.4000000357628,1274.2999999523163
122.80000001192093,143.60000002384186,240.60000002384186,455.60000002384186,578.5,720.8999999761581,848.1999999880791,1000.8000000119209,1122.199999988079,1277
122,134.9000000357628,271.30000001192093,443,579.3000000119209,724.2000000476837,855.5999999642372,990.6999999880791,1138.800000011921,1258.9000000357628
