chrome.slow.parallel-mapped-esms-10,chrome.slow.parallel-mapped-esms-20,chrome.slow.parallel-mapped-esms-30,chrome.slow.parallel-mapped-esms-40,chrome.slow.parallel-mapped-esms-50,chrome.slow.parallel-mapped-esms-60,chrome.slow.parallel-mapped-esms-70,chrome.slow.parallel-mapped-esms-80,chrome.slow.parallel-mapped-esms-90,chrome.slow.parallel-mapped-esms-100
162.20000004768372,287.80000001192093,436.80000001192093,561.6000000238419,714.1999999880791,836.7000000476837,980.3000000119209,1119.699999988079,1244,1396.8999999761581
166.89999997615814,274.69999998807907,439.80000001192093,567.3999999761581,699.6999999880791,840.7999999523163,979.3000000119209,1118.9000000357628,1260,1377.1000000238419
165.80000001192093,289.0999999642372,432.5,564.1000000238419,703.6000000238419,839.6000000238419,983.3000000119209,1119.5999999642372,1243.1000000238419,1390
166.19999998807907,275.9000000357628,436.30000001192093,556.7999999523163,718.8000000119209,842.0999999642372,970.6999999880791,1116.4000000357628,1258.9000000357628,1378.300000011921
166.60000002384186,293,421.89999997615814,576.6000000238419,695.3999999761581,839.8999999761581,990.5,1116.1000000238419,1245.5999999642372,1395.300000011921
