chrome.slow.parallel-mapped-10,chrome.slow.parallel-mapped-20,chrome.slow.parallel-mapped-30,chrome.slow.parallel-mapped-40,chrome.slow.parallel-mapped-50,chrome.slow.parallel-mapped-60,chrome.slow.parallel-mapped-70,chrome.slow.parallel-mapped-80,chrome.slow.parallel-mapped-90,chrome.slow.parallel-mapped-100
124.19999998807907,138.69999998807907,262.80000001192093,440.2999999821186,583.5,700.1999999880791,861.5999999940395,996.4000000059605,1126.5,1278
122.5,140.90000000596046,257.69999998807907,456.5,580.1000000238419,719.1999999880791,855.8000000119209,998.5,1134.9000000059605,1256.300000011921
123.80000001192093,139.2999999821186,271.30000001192093,445.59999999403954,573,728.9000000059605,844.4000000059605,996.3000000119209,1117.9000000059605,1271.800000011921
123.2000000178814,146,238.19999998807907,445.19999998807907,578.5,720.7999999821186,858.5,995.7000000178814,1135.4000000059605,1267.5999999940395
125.40000000596046,140,255,443.19999998807907,596.6999999880791,721.3000000119209,841.9000000059605,994,1132.2000000178814,1261.199999988079
