chrome.slow.parallel-mapped-esms-10,chrome.slow.parallel-mapped-esms-20,chrome.slow.parallel-mapped-esms-30,chrome.slow.parallel-mapped-esms-40,chrome.slow.parallel-mapped-esms-50,chrome.slow.parallel-mapped-esms-60,chrome.slow.parallel-mapped-esms-70,chrome.slow.parallel-mapped-esms-80,chrome.slow.parallel-mapped-esms-90,chrome.slow.parallel-mapped-esms-100
173.59999999403954,266.90000000596046,429.80000001192093,587.5,693.1999999880791,839.5999999940395,977.7999999821186,1124.199999988079,1257.9000000059605,1375.800000011921
166.5,284.80000001192093,445.40000000596046,549.7999999821186,722.8000000119209,832.1000000238419,983.3000000119209,1108.5999999940395,1243.199999988079,1394.2999999821186
170.80000001192093,274.7999999821186,455.69999998807907,557.5999999940395,691.5999999940395,842.0999999940395,987.9000000059605,1110.300000011921,1258.5999999940395,1375.6000000238419
176.30000001192093,293.5,423.59999999403954,578.5999999940395,708.8000000119209,831,985.5,1109.5,1261.5999999940395,1376.0999999940395
166.60000002384186,295,442,558.4000000059605,711.5999999940395,840.2999999821186,977.3000000119209,1108.5,1256.4000000059605,1391.8999999761581
