chrome.fastest.parallel-10,chrome.fastest.parallel-20,chrome.fastest.parallel-30,chrome.fastest.parallel-40,chrome.fastest.parallel-50,chrome.fastest.parallel-60,chrome.fastest.parallel-70,chrome.fastest.parallel-80,chrome.fastest.parallel-90,chrome.fastest.parallel-100,chrome.fastest.parallel-1000
36.799999952316284,48.09999996423721,58.10000002384186,73.69999998807907,82.90000003576279,98,107,117.19999998807907,132.10000002384186,146.69999998807907,1296.6000000238419
44.30000001192093,44.30000001192093,57.80000001192093,72.5,83.89999997615814,98.10000002384186,108.5,124.39999997615814,137.20000004768372,146.60000002384186,1212.4000000357628
32.69999998807907,48.39999997615814,60.69999998807907,73.90000003576279,85.90000003576279,99.20000004768372,109.10000002384186,121.89999997615814,137.4000000357628,151.19999998807907,1292.5
37.80000001192093,49.89999997615814,59.200000047683716,73.40000003576279,86.5,98.19999998807907,107.60000002384186,129.80000001192093,136.10000002384186,146.60000002384186,1234.3999999761581
36.200000047683716,49.700000047683716,61.60000002384186,72.20000004768372,85.89999997615814,98.30000001192093,114,122.20000004768372,138.69999998807907,146.19999998807907,1207.5
