chrome.fastest-cached.parallel-mapped-10,chrome.fastest-cached.parallel-mapped-20,chrome.fastest-cached.parallel-mapped-30,chrome.fastest-cached.parallel-mapped-40,chrome.fastest-cached.parallel-mapped-50,chrome.fastest-cached.parallel-mapped-60,chrome.fastest-cached.parallel-mapped-70,chrome.fastest-cached.parallel-mapped-80,chrome.fastest-cached.parallel-mapped-90,chrome.fastest-cached.parallel-mapped-100,chrome.fastest-cached.parallel-mapped-1000
40.69999998807907,38.39999997615814,47.19999998807907,49.69999998807907,55.59999996423721,65.5,75.80000001192093,77,84.70000004768372,92.20000004768372,1096.6000000238419
33.19999998807907,37.30000001192093,48.200000047683716,50.30000001192093,60.69999998807907,62,69.69999998807907,77.29999995231628,88.5,93.09999996423721,954.3000000119209
31.099999964237213,40.19999998807907,46.19999998807907,50.69999998807907,59,67.5,70.90000003576279,78,86.19999998807907,97.10000002384186,900.8999999761581
33.80000001192093,39.39999997615814,49.30000001192093,51.30000001192093,57.5,65.59999996423721,69.5,79.69999998807907,86.60000002384186,91,1019.1999999880791
34.30000001192093,37.19999998807907,43.90000003576279,50.40000003576279,58.30000001192093,70.29999995231628,69.10000002384186,78.30000001192093,83.19999998807907,90.90000003576279,867.5
