chrome.fastest-cached.parallel-allmapped-esms-10,chrome.fastest-cached.parallel-allmapped-esms-20,chrome.fastest-cached.parallel-allmapped-esms-30,chrome.fastest-cached.parallel-allmapped-esms-40,chrome.fastest-cached.parallel-allmapped-esms-50,chrome.fastest-cached.parallel-allmapped-esms-60,chrome.fastest-cached.parallel-allmapped-esms-70,chrome.fastest-cached.parallel-allmapped-esms-80,chrome.fastest-cached.parallel-allmapped-esms-90,chrome.fastest-cached.parallel-allmapped-esms-100,chrome.fastest-cached.parallel-allmapped-esms-1000
33.80000001192093,44.299999952316284,50.80000001192093,56.40000003576279,67.59999996423721,72.40000003576279,78.80000001192093,85.19999998807907,91,99.89999997615814,1190.0999999642372
37,44.39999997615814,49.200000047683716,56.19999998807907,64.5,73.69999998807907,78.69999998807907,88.69999998807907,94.59999996423721,112.40000003576279,1031.6000000238419
36.80000001192093,45.69999998807907,51.5,56.69999998807907,65,72.69999998807907,82.60000002384186,88.09999996423721,92.60000002384186,101.30000001192093,975.8000000119209
35.30000001192093,42.90000003576279,47.69999998807907,56.30000001192093,62.80000001192093,72.40000003576279,76.89999997615814,85.30000001192093,94.30000001192093,102.79999995231628,962.5
39.200000047683716,43.5,50.5,59.799999952316284,63.40000003576279,69.80000001192093,79,85.5,96.80000001192093,106.39999997615814,946.1999999880791
