chrome.fastest.parallel-allmapped-esms-10,chrome.fastest.parallel-allmapped-esms-20,chrome.fastest.parallel-allmapped-esms-30,chrome.fastest.parallel-allmapped-esms-40,chrome.fastest.parallel-allmapped-esms-50,chrome.fastest.parallel-allmapped-esms-60,chrome.fastest.parallel-allmapped-esms-70,chrome.fastest.parallel-allmapped-esms-80,chrome.fastest.parallel-allmapped-esms-90,chrome.fastest.parallel-allmapped-esms-100,chrome.fastest.parallel-allmapped-esms-1000
45.5,54.70000001788139,67.2999999821186,77.5,91.40000000596046,102.10000002384186,113.40000000596046,128.40000000596046,144.09999999403954,155.59999999403954,1367
39.30000001192093,60.099999994039536,67.19999998807907,84.80000001192093,95.69999998807907,107.5,116.60000002384186,128.80000001192093,143.59999999403954,156.60000002384186,1343.7000000178814
42.89999997615814,57.70000001788139,72.19999998807907,83.90000000596046,92,116.69999998807907,117.40000000596046,131.40000000596046,148.7000000178814,156.5,1315.8999999761581
44.60000002384186,58.30000001192093,69,82.7000000178814,92.60000002384186,106.90000000596046,124.90000000596046,129.69999998807907,143.80000001192093,157.09999999403954,1320.699999988079
43.599999994039536,60.80000001192093,67.2999999821186,84.59999999403954,96.5,105.90000000596046,116.40000000596046,130.40000000596046,143.2999999821186,155.7999999821186,1330.300000011921
