chrome.fastest.parallel-allmapped-esms-10,chrome.fastest.parallel-allmapped-esms-20,chrome.fastest.parallel-allmapped-esms-30,chrome.fastest.parallel-allmapped-esms-40,chrome.fastest.parallel-allmapped-esms-50,chrome.fastest.parallel-allmapped-esms-60,chrome.fastest.parallel-allmapped-esms-70,chrome.fastest.parallel-allmapped-esms-80,chrome.fastest.parallel-allmapped-esms-90,chrome.fastest.parallel-allmapped-esms-100,chrome.fastest.parallel-allmapped-esms-1000
38.30000001192093,57.5,70.39999997615814,89,96,111,124.80000001192093,131.29999995231628,147.19999998807907,163.19999998807907,1465.699999988079
40.5,58.5,68.89999997615814,84.80000001192093,97.69999998807907,107.09999996423721,121.69999998807907,132.39999997615814,154,161.80000001192093,1400.199999988079
45.30000001192093,56.80000001192093,71,82.30000001192093,97.30000001192093,108.5,121.39999997615814,126.79999995231628,148.39999997615814,162,1342.1000000238419
44.69999998807907,61.5,70.60000002384186,87.60000002384186,96.10000002384186,110.20000004768372,122.5,135.0999999642372,151,171.5,1350.5
42.5,59.89999997615814,68.5,80.89999997615814,105.70000004768372,108.5,120.60000002384186,132.5,149,161.39999997615814,1378.0999999642372
