chrome.fastest-cached.parallel-mapped-esms-10,chrome.fastest-cached.parallel-mapped-esms-20,chrome.fastest-cached.parallel-mapped-esms-30,chrome.fastest-cached.parallel-mapped-esms-40,chrome.fastest-cached.parallel-mapped-esms-50,chrome.fastest-cached.parallel-mapped-esms-60,chrome.fastest-cached.parallel-mapped-esms-70,chrome.fastest-cached.parallel-mapped-esms-80,chrome.fastest-cached.parallel-mapped-esms-90,chrome.fastest-cached.parallel-mapped-esms-100,chrome.fastest-cached.parallel-mapped-esms-1000
27.200000017881393,40.69999998807907,51.10000002384186,56.5,63.099999994039536,69.90000000596046,77.2999999821186,83,88.40000000596046,98.59999999403954,1157.5
37.80000001192093,39.60000002384186,50.900000005960464,56.89999997615814,61.30000001192093,68.7000000178814,75,80,93,97.2000000178814,981.1999999880791
38.30000001192093,42.29999998211861,49.19999998807907,56,62,67.59999999403954,78.90000000596046,86,89.90000000596046,98.89999997615814,950.5
33.400000005960464,40.19999998807907,50.29999998211861,56.5,66.09999999403954,66.7999999821186,77.90000000596046,82.90000000596046,89.90000000596046,97.09999999403954,930.9000000059605
33.5,41.20000001788139,49.5,56.80000001192093,64.19999998807907,69.09999999403954,79.19999998807907,84.5,90.19999998807907,98.60000002384186,917.1999999880791
