chrome.fastest-cached.parallel-allmapped-esms-10,chrome.fastest-cached.parallel-allmapped-esms-20,chrome.fastest-cached.parallel-allmapped-esms-30,chrome.fastest-cached.parallel-allmapped-esms-40,chrome.fastest-cached.parallel-allmapped-esms-50,chrome.fastest-cached.parallel-allmapped-esms-60,chrome.fastest-cached.parallel-allmapped-esms-70,chrome.fastest-cached.parallel-allmapped-esms-80,chrome.fastest-cached.parallel-allmapped-esms-90,chrome.fastest-cached.parallel-allmapped-esms-100,chrome.fastest-cached.parallel-allmapped-esms-1000
33.70000001788139,42.69999998807907,52.70000001788139,58.099999994039536,64.59999999403954,69.09999999403954,78.80000001192093,92,93.19999998807907,99.59999999403954,1184.300000011921
35.29999998211861,43.900000005960464,49.20000001788139,56.19999998807907,63.5,73.30000001192093,80.39999997615814,85.7000000178814,96.2999999821186,98.59999999403954,999.8000000119209
36.900000005960464,44.599999994039536,50.80000001192093,54.80000001192093,64.89999997615814,72.80000001192093,79.59999999403954,84.30000001192093,93.2000000178814,104.09999999403954,966
35.39999997615814,45.70000001788139,52.099999994039536,58.29999998211861,60.599999994039536,74,77.30000001192093,84.19999998807907,90.5,99.39999997615814,982.0999999940395
36.70000001788139,42.5,50.599999994039536,57.79999998211861,63.400000005960464,70.90000000596046,78.7999999821186,82.59999999403954,97.5,99.09999999403954,938.7000000178814
