chrome.fastest.parallel-allmapped-10,chrome.fastest.parallel-allmapped-20,chrome.fastest.parallel-allmapped-30,chrome.fastest.parallel-allmapped-40,chrome.fastest.parallel-allmapped-50,chrome.fastest.parallel-allmapped-60,chrome.fastest.parallel-allmapped-70,chrome.fastest.parallel-allmapped-80,chrome.fastest.parallel-allmapped-90,chrome.fastest.parallel-allmapped-100,chrome.fastest.parallel-allmapped-1000
37.39999997615814,50.69999998807907,61.30000001192093,73.90000003576279,85,98.30000001192093,108.39999997615814,119.59999996423721,132.5,149.19999998807907,1264.800000011921
28.19999998807907,48,63.799999952316284,78.09999996423721,88.20000004768372,97.80000001192093,112.19999998807907,126.70000004768372,135.69999998807907,151.60000002384186,1371.8999999761581
30.299999952316284,49.60000002384186,62.10000002384186,79.19999998807907,86,98.90000003576279,111.30000001192093,121.5,135.80000001192093,146.30000001192093,1288.199999988079
40,47.40000003576279,63.40000003576279,80.30000001192093,86.10000002384186,98.40000003576279,111.09999996423721,123.09999996423721,135.69999998807907,145.5999999642372,1386.4000000357628
35.09999996423721,51.5,64.80000001192093,77.10000002384186,84.70000004768372,99.30000001192093,110,119.80000001192093,134.80000001192093,147.0999999642372,1276
