chrome.fastest.parallel-mapped-esms-10,chrome.fastest.parallel-mapped-esms-20,chrome.fastest.parallel-mapped-esms-30,chrome.fastest.parallel-mapped-esms-40,chrome.fastest.parallel-mapped-esms-50,chrome.fastest.parallel-mapped-esms-60,chrome.fastest.parallel-mapped-esms-70,chrome.fastest.parallel-mapped-esms-80,chrome.fastest.parallel-mapped-esms-90,chrome.fastest.parallel-mapped-esms-100,chrome.fastest.parallel-mapped-esms-1000
39.59999996423721,56.5,75.60000002384186,82.39999997615814,95.59999996423721,106.60000002384186,122.70000004768372,133.5999999642372,143,158,1387.7999999523163
40.90000003576279,58.60000002384186,71.19999998807907,83.40000003576279,92.09999996423721,105.80000001192093,119.90000003576279,138.60000002384186,141.4000000357628,162.5,1320
41,57.90000003576279,69.80000001192093,85.60000002384186,94.40000003576279,105.70000004768372,120.69999998807907,136,153.5,169.10000002384186,1397.0999999642372
47.10000002384186,54.30000001192093,71.30000001192093,87.70000004768372,97.60000002384186,107.90000003576279,120.20000004768372,142,160.80000001192093,164.60000002384186,1421.699999988079
54.19999998807907,64.5,86.20000004768372,88.59999996423721,97.69999998807907,111,124,133.89999997615814,148.80000001192093,161.39999997615814,1319.5
