chrome.fastest-cached.parallel-10,chrome.fastest-cached.parallel-20,chrome.fastest-cached.parallel-30,chrome.fastest-cached.parallel-40,chrome.fastest-cached.parallel-50,chrome.fastest-cached.parallel-60,chrome.fastest-cached.parallel-70,chrome.fastest-cached.parallel-80,chrome.fastest-cached.parallel-90,chrome.fastest-cached.parallel-100,chrome.fastest-cached.parallel-1000
36.69999998807907,39,43.5,49.5,55.69999998807907,62.79999998211861,69.09999999403954,74.7999999821186,80.30000001192093,85.90000000596046,1232.5999999940395
31.299999982118607,37.80000001192093,43.70000001788139,49.099999994039536,55.30000001192093,60.39999997615814,67.59999999403954,75.09999999403954,82,90.19999998807907,923.6000000238419
28.5,37,43.900000005960464,49.5,55.900000005960464,66.69999998807907,68.69999998807907,73.5,83.10000002384186,89.69999998807907,870.4000000059605
30.799999982118607,36.30000001192093,42.29999998211861,51.30000001192093,53.70000001788139,60.39999997615814,67.30000001192093,73.69999998807907,82.40000000596046,90.5,973.0999999940395
29.5,36.69999998807907,41.400000005960464,49.400000005960464,55.5,61.20000001788139,71.40000000596046,74.39999997615814,78.7000000178814,84.69999998807907,858.6999999880791
