chrome.fastest.parallel-allmapped-10,chrome.fastest.parallel-allmapped-20,chrome.fastest.parallel-allmapped-30,chrome.fastest.parallel-allmapped-40,chrome.fastest.parallel-allmapped-50,chrome.fastest.parallel-allmapped-60,chrome.fastest.parallel-allmapped-70,chrome.fastest.parallel-allmapped-80,chrome.fastest.parallel-allmapped-90,chrome.fastest.parallel-allmapped-100,chrome.fastest.parallel-allmapped-1000
33.599999994039536,48.400000005960464,57.60000002384186,71.5,86.09999999403954,97.5,106.30000001192093,120.80000001192093,129.89999997615814,145.59999999403954,1293.800000011921
26.30000001192093,45.20000001788139,59.39999997615814,72.30000001192093,84.90000000596046,97.09999999403954,110.59999999403954,123.2999999821186,137,149.7000000178814,1238.1000000238419
35.900000005960464,48,63,71.59999999403954,85.19999998807907,94.90000000596046,107.60000002384186,117.30000001192093,133.2999999821186,147.30000001192093,1280.0999999940395
36.19999998807907,50.30000001192093,58.900000005960464,71,82.80000001192093,94.59999999403954,109.5,120,133.90000000596046,143.2999999821186,1266.5
34.900000005960464,45.19999998807907,62.69999998807907,74.80000001192093,85.80000001192093,98.59999999403954,105.09999999403954,119.09999999403954,133.60000002384186,146,1270.199999988079
