chrome.fastest-cached.parallel-10,chrome.fastest-cached.parallel-20,chrome.fastest-cached.parallel-30,chrome.fastest-cached.parallel-40,chrome.fastest-cached.parallel-50,chrome.fastest-cached.parallel-60,chrome.fastest-cached.parallel-70,chrome.fastest-cached.parallel-80,chrome.fastest-cached.parallel-90,chrome.fastest-cached.parallel-100,chrome.fastest-cached.parallel-1000
31.299999952316284,39.09999996423721,44.200000047683716,53.39999997615814,58.80000001192093,66.10000002384186,71.89999997615814,76.79999995231628,85.10000002384186,90,1082.699999988079
31.69999998807907,37,45.5,48.60000002384186,59,65.60000002384186,68.5,79.19999998807907,83.5,88.89999997615814,936.5999999642372
33.80000001192093,37.30000001192093,47.80000001192093,54.69999998807907,59.10000002384186,64.09999996423721,70.19999998807907,80,85.20000004768372,90.89999997615814,925.8000000119209
35.5,42.700000047683716,49.200000047683716,55.60000002384186,65,80.39999997615814,85.40000003576279,97.30000001192093,97.59999996423721,108.30000001192093,1156.8999999761581
35.39999997615814,40.5,48.89999997615814,53.39999997615814,62.19999998807907,67.89999997615814,74.89999997615814,83.80000001192093,97.80000001192093,110.5,1128.1000000238419
