chrome.fastest.parallel-mapped-10,chrome.fastest.parallel-mapped-20,chrome.fastest.parallel-mapped-30,chrome.fastest.parallel-mapped-40,chrome.fastest.parallel-mapped-50,chrome.fastest.parallel-mapped-60,chrome.fastest.parallel-mapped-70,chrome.fastest.parallel-mapped-80,chrome.fastest.parallel-mapped-90,chrome.fastest.parallel-mapped-100,chrome.fastest.parallel-mapped-1000
40.29999998211861,48.099999994039536,62.099999994039536,72.30000001192093,77.09999999403954,94.09999999403954,118.40000000596046,117.59999999403954,137.30000001192093,143.19999998807907,1263
29.80000001192093,47.19999998807907,59.099999994039536,70.90000000596046,84.10000002384186,95.69999998807907,110.19999998807907,122.19999998807907,133.90000000596046,140.5,1262.0999999940395
36.599999994039536,47.19999998807907,60,74.5,82.69999998807907,96.30000001192093,114,119.5,133.2999999821186,143.69999998807907,1227.0999999940395
35,49.29999998211861,58.30000001192093,70.90000000596046,84.90000000596046,97.40000000596046,109.7999999821186,117.59999999403954,134.30000001192093,149.59999999403954,1278.4000000059605
34.30000001192093,49.400000005960464,59.39999997615814,72.5,83.09999999403954,96.89999997615814,105.39999997615814,121.69999998807907,127.2000000178814,147,1228
