chrome.fastest.parallel-10,chrome.fastest.parallel-20,chrome.fastest.parallel-30,chrome.fastest.parallel-40,chrome.fastest.parallel-50,chrome.fastest.parallel-60,chrome.fastest.parallel-70,chrome.fastest.parallel-80,chrome.fastest.parallel-90,chrome.fastest.parallel-100,chrome.fastest.parallel-1000
38.5,51.5,62.900000005960464,69.59999999403954,86.30000001192093,99.19999998807907,106.19999998807907,121.2000000178814,130.89999997615814,147.90000000596046,1331.2999999821186
31.599999994039536,48.900000005960464,60.19999998807907,73.09999999403954,86,98.59999999403954,112.30000001192093,123.30000001192093,129.40000000596046,147.5,1272.5
37.599999994039536,49.69999998807907,62.39999997615814,76.60000002384186,86.89999997615814,100.30000001192093,113.5,123.09999999403954,133.7000000178814,148.40000000596046,1363.9000000059605
37.69999998807907,49.900000005960464,60.19999998807907,74.7999999821186,87.89999997615814,101.19999998807907,110.2000000178814,116.80000001192093,134.19999998807907,148.90000000596046,1234.5999999940395
37.80000001192093,47.70000001788139,63.19999998807907,75.5,85.2000000178814,103.40000000596046,113.40000000596046,122.09999999403954,133.59999999403954,148.80000001192093,1227.3999999761581
