chrome.slow.parallel-allmapped-10,chrome.slow.parallel-allmapped-20,chrome.slow.parallel-allmapped-30,chrome.slow.parallel-allmapped-40,chrome.slow.parallel-allmapped-50,chrome.slow.parallel-allmapped-60,chrome.slow.parallel-allmapped-70,chrome.slow.parallel-allmapped-80,chrome.slow.parallel-allmapped-90,chrome.slow.parallel-allmapped-100
123.59999999403954,150.90000000596046,246.39999997615814,454,597.2000000178814,723.7000000178814,871,1001.2000000178814,1142.9000000059605,1271.7000000178814
124.09999999403954,136.5,272.69999998807907,456.69999998807907,583.5,723.1000000238419,868.7000000178814,994.9000000059605,1136.8999999761581,1273.300000011921
125.39999997615814,145.40000000596046,273.5,455.40000000596046,591.2000000178814,719.3000000119209,872,996.5999999940395,1134.699999988079,1286.5
122.89999997615814,141.19999998807907,271.09999999403954,445.39999997615814,600.2000000178814,720,876,985.2000000178814,1134.699999988079,1279.300000011921
124.7000000178814,145.80000001192093,270.09999999403954,455.40000000596046,581.1999999880791,721.1999999880791,860,1016.0999999940395,1137.800000011921,1274.4000000059605
