chrome.fastest-cached.parallel-mapped-esms-10,chrome.fastest-cached.parallel-mapped-esms-20,chrome.fastest-cached.parallel-mapped-esms-30,chrome.fastest-cached.parallel-mapped-esms-40,chrome.fastest-cached.parallel-mapped-esms-50,chrome.fastest-cached.parallel-mapped-esms-60,chrome.fastest-cached.parallel-mapped-esms-70,chrome.fastest-cached.parallel-mapped-esms-80,chrome.fastest-cached.parallel-mapped-esms-90,chrome.fastest-cached.parallel-mapped-esms-100,chrome.fastest-cached.parallel-mapped-esms-1000
28.600000023841858,43.80000001192093,49.19999998807907,54.80000001192093,63.799999952316284,70.80000001192093,80.60000002384186,85.69999998807907,90.30000001192093,105.10000002384186,1171.4000000357628
37.40000003576279,43.39999997615814,50.39999997615814,59.39999997615814,61.799999952316284,68.20000004768372,78,87.30000001192093,94.30000001192093,99.5,1038.1000000238419
37.09999996423721,44.39999997615814,49.19999998807907,58.30000001192093,67.80000001192093,68.60000002384186,80.80000001192093,85.40000003576279,93.79999995231628,97.69999998807907,968.3999999761581
37.09999996423721,42.5,54.19999998807907,56.19999998807907,63.80000001192093,70,77.80000001192093,86.29999995231628,89.80000001192093,97.60000002384186,940
34.80000001192093,44,51.60000002384186,58.90000003576279,65.89999997615814,69.60000002384186,77.19999998807907,82.60000002384186,96.09999996423721,98.5,920.1000000238419
