chrome.fastest.parallel-mapped-10,chrome.fastest.parallel-mapped-20,chrome.fastest.parallel-mapped-30,chrome.fastest.parallel-mapped-40,chrome.fastest.parallel-mapped-50,chrome.fastest.parallel-mapped-60,chrome.fastest.parallel-mapped-70,chrome.fastest.parallel-mapped-80,chrome.fastest.parallel-mapped-90,chrome.fastest.parallel-mapped-100,chrome.fastest.parallel-mapped-1000
46.59999996423721,51.60000002384186,59.80000001192093,71.89999997615814,87,100.69999998807907,109.40000003576279,126.40000003576279,140.19999998807907,144.5,1268.800000011921
35.09999996423721,47.69999998807907,63.5,74.60000002384186,85.59999996423721,99.39999997615814,112.09999996423721,126.39999997615814,136.29999995231628,150,1314.699999988079
34,49.59999996423721,61.09999996423721,75.30000001192093,91.19999998807907,99.5,113.89999997615814,133.79999995231628,139.5,157.5,1274
34.69999998807907,51.700000047683716,62.700000047683716,78.60000002384186,83.59999996423721,96.89999997615814,114.39999997615814,131.5,138.29999995231628,150.10000002384186,1299.5
35.5,48.30000001192093,63.10000002384186,71.70000004768372,85.70000004768372,99.30000001192093,120.20000004768372,127.69999998807907,142.19999998807907,149.89999997615814,1294.699999988079
