chrome.slow.parallel-mapped-10,chrome.slow.parallel-mapped-20,chrome.slow.parallel-mapped-30,chrome.slow.parallel-mapped-40,chrome.slow.parallel-mapped-50,chrome.slow.parallel-mapped-60,chrome.slow.parallel-mapped-70,chrome.slow.parallel-mapped-80,chrome.slow.parallel-mapped-90,chrome.slow.parallel-mapped-100
121.10000002384186,134.5,271.2999999523163,437.39999997615814,580.1000000238419,719.3000000119209,857.2000000476837,1001,1123.6000000238419,1271.800000011921
126.09999996423721,142.60000002384186,242.89999997615814,435.10000002384186,579.6999999880791,721.2000000476837,859.6999999880791,987.1999999880791,1134.0999999642372,1253.1000000238419
124.70000004768372,143.10000002384186,254.69999998807907,443,593.5,718,847,1001.6000000238419,1126.1000000238419,1276.7000000476837
122.10000002384186,141.69999998807907,256.5999999642372,456.10000002384186,574.1999999880791,721.6999999880791,844.1999999880791,1001.6000000238419,1125,1275.800000011921
124.60000002384186,136.5999999642372,271.0999999642372,438.5,580.9000000357628,731.8999999761581,841.1999999880791,1011.3000000119209,1134.3999999761581,1255.0999999642372
