chrome.slow.parallel-allmapped-10,chrome.slow.parallel-allmapped-20,chrome.slow.parallel-allmapped-30,chrome.slow.parallel-allmapped-40,chrome.slow.parallel-allmapped-50,chrome.slow.parallel-allmapped-60,chrome.slow.parallel-allmapped-70,chrome.slow.parallel-allmapped-80,chrome.slow.parallel-allmapped-90,chrome.slow.parallel-allmapped-100
124.89999997615814,141.69999998807907,271.5,457.30000001192093,590.1000000238419,716,875.6000000238419,981.1000000238419,1150.199999988079,1281.6000000238419
124.30000001192093,145.30000001192093,257.69999998807907,456.10000002384186,589.1999999880791,721.6000000238419,873.6000000238419,999.6000000238419,1139.699999988079,1290
120.89999997615814,137.80000001192093,270.9000000357628,455.89999997615814,583.3999999761581,740.8999999761581,859.7999999523163,1005.2000000476837,1137.4000000357628,1279.9000000357628
122.5,136.39999997615814,289.60000002384186,443,597.9000000357628,728.1999999880791,858.5999999642372,1015.5999999642372,1139.5,1288.4000000357628
120.5,131,272.89999997615814,460.30000001192093,578.3999999761581,736.1000000238419,857.5,1014.3999999761581,1136,1291.2999999523163
