chrome.slow.parallel-allmapped-esms-10,chrome.slow.parallel-allmapped-esms-20,chrome.slow.parallel-allmapped-esms-30,chrome.slow.parallel-allmapped-esms-40,chrome.slow.parallel-allmapped-esms-50,chrome.slow.parallel-allmapped-esms-60,chrome.slow.parallel-allmapped-esms-70,chrome.slow.parallel-allmapped-esms-80,chrome.slow.parallel-allmapped-esms-90,chrome.slow.parallel-allmapped-esms-100
165.80000001192093,282.2000000178814,441.90000000596046,571.0999999940395,722.5,856.9000000059605,974.4000000059605,1141.0999999940395,1256.4000000059605,1389.199999988079
169.19999998807907,283.89999997615814,438.30000001192093,576.9000000059605,714.8999999761581,845.3000000119209,986.2000000178814,1128.4000000059605,1276,1395.9000000059605
164.10000002384186,295.2999999821186,429.2999999821186,590,711.3999999761581,839.0999999940395,993.0999999940395,1125.1000000238419,1261.5999999940395,1401.9000000059605
168.2000000178814,301.59999999403954,422.60000002384186,576.6000000238419,712.5,849.8000000119209,997.9000000059605,1129.300000011921,1258.5,1396.7000000178814
166.90000000596046,289.69999998807907,442.2000000178814,574.9000000059605,704.7999999821186,863.7000000178814,976.7999999821186,1143.1000000238419,1259.300000011921,1397.1000000238419
