safari.slow.parallel-10,safari.slow.parallel-20,safari.slow.parallel-30,safari.slow.parallel-40,safari.slow.parallel-50,safari.slow.parallel-60,safari.slow.parallel-70,safari.slow.parallel-80,safari.slow.parallel-90,safari.slow.parallel-100
209,204,198.00000000000003,219,216,194.00000000000003,501,729,831,985
246,266,200,263,199,242,328,666,837,1031
170,260,268,229,250,223,433,775,742,999.0000000000001
156,263,205,231,278.00000000000006,252,532,768,925,966
220,263,206,200,223,212,472,675,892,991.0000000000001
