safari.fastest.parallel-10,safari.fastest.parallel-20,safari.fastest.parallel-30,safari.fastest.parallel-40,safari.fastest.parallel-50,safari.fastest.parallel-60,safari.fastest.parallel-70,safari.fastest.parallel-80,safari.fastest.parallel-90,safari.fastest.parallel-100,safari.fastest.parallel-1000
28,40,121,175,127,253,160,156,271,194.00000000000003,1185
78.00000000000001,56,90,105,159,175,170,164,245,299,1409
146,36,129,174,232,164,198.00000000000003,226.00000000000003,190,280,1227
114,215,136,263,293,276,173,149,180,272,1227
90,83.00000000000001,213,191.00000000000003,155,200,224,173,171,214,1301
