safari.slow.parallel-mapped-esms-10,safari.slow.parallel-mapped-esms-20,safari.slow.parallel-mapped-esms-30,safari.slow.parallel-mapped-esms-40,safari.slow.parallel-mapped-esms-50,safari.slow.parallel-mapped-esms-60,safari.slow.parallel-mapped-esms-70,safari.slow.parallel-mapped-esms-80,safari.slow.parallel-mapped-esms-90,safari.slow.parallel-mapped-esms-100
285,288,361,397.00000000000006,345,342,694,815.0000000000001,859,1134.0000000000002
249,348,344,277.00000000000006,330,320,503,800,885,1150
228.00000000000003,245,330,294,301,384,571,805.0000000000001,1029,1062
335.00000000000006,332,340,383,328,441,438,796,945.0000000000001,1142
285,308,279,349,394,313.00000000000006,620,787.0000000000001,958,1133.0000000000002
